Altitude,Pression,Temperature,Densite
1028.600,9.6650e-07,900.30,2.5820e-11
1028.100,9.6970e-07,900.60,2.5900e-11
1023.800,9.9530e-07,902.70,2.6530e-11
1018.300,1.0280e-06,903.50,2.7380e-11
1012.900,1.0620e-06,902.80,2.8310e-11
1007.500,1.0970e-06,901.00,2.9310e-11
1002.100,1.1330e-06,898.10,3.0380e-11
996.770,1.1710e-06,895.10,3.1490e-11
991.400,1.2100e-06,891.40,3.2680e-11
986.040,1.2500e-06,888.00,3.3900e-11
980.690,1.2920e-06,884.40,3.5180e-11
975.340,1.3350e-06,880.90,3.6510e-11
970.010,1.3800e-06,877.50,3.7880e-11
964.690,1.4260e-06,874.60,3.9290e-11
959.370,1.4740e-06,871.90,4.0750e-11
954.070,1.5240e-06,869.90,4.2230e-11
948.770,1.5750e-06,868.00,4.3750e-11
943.480,1.6280e-06,866.80,4.5300e-11
938.200,1.6830e-06,865.70,4.6900e-11
932.930,1.7400e-06,865.20,4.8520e-11
927.670,1.7990e-06,865.00,5.0170e-11
922.420,1.8590e-06,865.10,5.1860e-11
917.180,1.9220e-06,865.70,5.3570e-11
911.950,1.9860e-06,866.40,5.5330e-11
906.720,2.0520e-06,867.40,5.7120e-11
901.510,2.1210e-06,868.70,5.8950e-11
896.300,2.1910e-06,870.20,6.0810e-11
891.110,2.2640e-06,871.60,6.2740e-11
885.920,2.3390e-06,873.30,6.4690e-11
880.740,2.4160e-06,874.90,6.6710e-11
875.570,2.4950e-06,876.70,6.8770e-11
870.410,2.5770e-06,878.40,7.0890e-11
865.260,2.6610e-06,879.90,7.3080e-11
860.120,2.7470e-06,881.40,7.5340e-11
854.990,2.8360e-06,882.70,7.7670e-11
849.870,2.9270e-06,883.80,8.0090e-11
844.750,3.0220e-06,884.70,8.2600e-11
839.650,3.1190e-06,885.30,8.5210e-11
834.550,3.2190e-06,885.50,8.7920e-11
829.470,3.3220e-06,885.50,9.0760e-11
824.390,3.4280e-06,885.00,9.3720e-11
819.320,3.5370e-06,884.30,9.6810e-11
814.260,3.6500e-06,883.10,1.0000e-10
809.210,3.7670e-06,881.40,1.0350e-10
804.170,3.8870e-06,879.20,1.0700e-10
799.140,4.0110e-06,876.70,1.1080e-10
794.120,4.1400e-06,873.80,1.1470e-10
789.100,4.2730e-06,870.10,1.1900e-10
784.100,4.4100e-06,866.00,1.2340e-10
779.100,4.5530e-06,861.40,1.2810e-10
774.120,4.7010e-06,856.40,1.3300e-10
769.140,4.8540e-06,851.00,1.3830e-10
764.170,5.0130e-06,845.20,1.4380e-10
759.220,5.1780e-06,839.00,1.4970e-10
754.270,5.3500e-06,832.50,1.5590e-10
749.330,5.5290e-06,825.70,1.6240e-10
744.400,5.7150e-06,818.60,1.6940e-10
739.480,5.9080e-06,811.20,1.7670e-10
734.570,6.1100e-06,803.60,1.8450e-10
729.660,6.3200e-06,794.20,1.9320e-10
724.770,6.5400e-06,785.00,2.0230e-10
719.880,6.7700e-06,775.90,2.1190e-10
715.010,7.0110e-06,766.90,2.2210e-10
710.140,7.2630e-06,758.10,2.3270e-10
705.290,7.5260e-06,749.70,2.4390e-10
700.440,7.8020e-06,741.70,2.5570e-10
695.600,8.0900e-06,734.10,2.6790e-10
690.770,8.3920e-06,727.10,2.8070e-10
685.950,8.7070e-06,720.40,2.9400e-10
681.140,9.0370e-06,714.00,3.0790e-10
676.340,9.3810e-06,708.50,3.2230e-10
671.550,9.7410e-06,703.30,3.3730e-10
666.770,1.0120e-05,698.60,3.5280e-10
661.990,1.0510e-05,694.30,3.6890e-10
657.230,1.0920e-05,690.50,3.8550e-10
652.470,1.1350e-05,687.10,4.0270e-10
647.730,1.1790e-05,684.20,4.2040e-10
642.990,1.2260e-05,681.60,4.3870e-10
638.260,1.2740e-05,679.50,4.5760e-10
633.540,1.3240e-05,677.70,4.7710e-10
628.840,1.3760e-05,676.30,4.9710e-10
624.140,1.4310e-05,675.20,5.1780e-10
619.450,1.4870e-05,674.40,5.3900e-10
614.770,1.5460e-05,671.60,5.6290e-10
610.090,1.6080e-05,669.30,5.8740e-10
605.430,1.6710e-05,669.60,6.1070e-10
600.780,1.7370e-05,669.80,6.3490e-10
596.140,1.8060e-05,670.20,6.5990e-10
591.500,1.8770e-05,670.50,6.8600e-10
586.880,1.9510e-05,670.60,7.1320e-10
582.260,2.0280e-05,670.50,7.4180e-10
577.650,2.1080e-05,670.10,7.7170e-10
573.060,2.1900e-05,669.30,8.0350e-10
568.470,2.2760e-05,667.90,8.3710e-10
563.890,2.3660e-05,666.00,8.7300e-10
559.320,2.4590e-05,663.60,9.1120e-10
554.760,2.5560e-05,660.30,9.5240e-10
550.210,2.6580e-05,656.20,9.9680e-10
545.670,2.7640e-05,651.30,1.0450e-09
541.140,2.8750e-05,645.00,1.0990e-09
536.610,2.9920e-05,635.00,1.1620e-09
532.100,3.1150e-05,625.80,1.2290e-09
527.590,3.2450e-05,615.50,1.3030e-09
523.100,3.3840e-05,603.50,1.3870e-09
518.610,3.5310e-05,590.30,1.4810e-09
514.140,3.6880e-05,577.30,1.5830e-09
509.670,3.8550e-05,565.80,1.6900e-09
505.210,4.0330e-05,555.90,1.8010e-09
500.760,4.2230e-05,547.30,1.9160e-09
496.330,4.4240e-05,540.60,2.0350e-09
491.900,4.6360e-05,536.80,2.1500e-09
487.480,4.8600e-05,533.60,2.2710e-09
483.070,5.0950e-05,534.40,2.3800e-09
478.660,5.3410e-05,536.40,2.4880e-09
474.270,5.5970e-05,538.40,2.6020e-09
469.890,5.8640e-05,539.40,2.7250e-09
465.520,6.1440e-05,538.60,2.8620e-09
461.150,6.4380e-05,536.40,3.0160e-09
456.800,6.7480e-05,533.10,3.1840e-09
452.450,7.0750e-05,527.70,3.3770e-09
448.110,7.4220e-05,518.50,3.6130e-09
443.790,7.7940e-05,504.30,3.9100e-09
439.470,8.2020e-05,480.00,4.3330e-09
435.160,8.6560e-05,452.80,4.8590e-09
430.860,9.1650e-05,427.70,5.4580e-09
426.570,9.7320e-05,410.20,6.0570e-09
422.290,1.0360e-04,398.00,6.6590e-09
418.020,1.1040e-04,389.00,7.2790e-09
413.760,1.1780e-04,382.40,7.9220e-09
409.510,1.2590e-04,378.80,8.5620e-09
405.270,1.3450e-04,376.20,9.2340e-09
401.040,1.4390e-04,371.90,1.0010e-08
396.810,1.5410e-04,361.90,1.1050e-08
392.600,1.6550e-04,344.20,1.2520e-08
388.390,1.7840e-04,324.00,1.4390e-08
384.200,1.9340e-04,302.90,1.6750e-08
380.010,2.1070e-04,289.30,1.9160e-08
375.840,2.3040e-04,276.50,2.2000e-08
371.670,2.5290e-04,268.10,2.4990e-08
367.510,2.7840e-04,258.20,2.8670e-08
363.360,3.0840e-04,241.10,3.4120e-08
359.220,3.4370e-04,230.50,3.9920e-08
355.090,3.8340e-04,230.60,4.4680e-08
350.970,4.3120e-04,208.60,5.5740e-08
346.860,4.8790e-04,204.50,6.4530e-08
342.760,5.5370e-04,200.20,7.4980e-08
338.670,6.2960e-04,197.50,8.6620e-08
334.590,7.1790e-04,193.10,1.0130e-07
330.520,8.2000e-04,192.40,1.1640e-07
326.450,9.3550e-04,195.30,1.3110e-07
322.400,1.0660e-03,196.50,1.4870e-07
318.350,1.2150e-03,194.30,1.7170e-07
314.320,1.3830e-03,200.10,1.9010e-07
310.290,1.5690e-03,204.30,2.1150e-07
306.280,1.7750e-03,207.20,2.3630e-07
302.270,2.0110e-03,197.10,2.8160e-07
298.270,2.3170e-03,169.40,3.7810e-07
294.290,2.6850e-03,171.90,4.3190e-07
290.310,3.1300e-03,160.10,5.4090e-07
286.340,3.6840e-03,152.70,6.6790e-07
282.380,4.3430e-03,154.20,7.8030e-07
278.430,5.1220e-03,153.40,9.2510e-07
274.500,6.0100e-03,160.30,1.0400e-06
270.570,7.0220e-03,160.80,1.2110e-06
266.650,8.2470e-03,152.50,1.5010e-06
262.740,9.7390e-03,149.70,1.8050e-06
258.840,1.1500e-02,151.70,2.1030e-06
254.950,1.3530e-02,155.00,2.4240e-06
251.070,1.5830e-02,160.80,2.7330e-06
247.200,1.8460e-02,161.00,3.1840e-06
243.340,2.1580e-02,156.80,3.8210e-06
239.490,2.5280e-02,155.60,4.5100e-06
235.650,2.9580e-02,156.80,5.2390e-06
231.820,3.4650e-02,155.20,6.2000e-06
228.000,4.0500e-02,158.60,7.0920e-06
224.190,4.7160e-02,160.70,8.1530e-06
220.400,5.5040e-02,156.60,9.7660e-06
216.610,6.4130e-02,160.10,1.1130e-05
212.840,7.4720e-02,157.90,1.3150e-05
209.080,8.6980e-02,159.50,1.5150e-05
205.330,1.0120e-01,158.60,1.7720e-05
201.600,1.1780e-01,157.50,2.0780e-05
197.880,1.3700e-01,158.70,2.3980e-05
194.170,1.5930e-01,158.50,2.7910e-05
190.480,1.8460e-01,161.50,3.1750e-05
186.800,2.1420e-01,157.50,3.7780e-05
183.150,2.4840e-01,159.00,4.3420e-05
179.510,2.8810e-01,157.40,5.0870e-05
175.880,3.3400e-01,158.60,5.8520e-05
172.280,3.8580e-01,162.30,6.6060e-05
168.700,4.4420e-01,165.10,7.4730e-05
165.150,5.0900e-01,169.70,8.3350e-05
161.620,5.8230e-01,168.30,9.6150e-05
158.110,6.6560e-01,168.80,1.0960e-04
154.630,7.5990e-01,168.70,1.2520e-04
151.190,8.6670e-01,168.00,1.4330e-04
147.780,9.8880e-01,165.40,1.6610e-04
144.410,1.1280e+00,164.60,1.9040e-04
141.080,1.2850e+00,162.80,2.1940e-04
137.790,1.4670e+00,157.50,2.5880e-04
134.560,1.6750e+00,157.30,2.9590e-04
131.380,1.9090e+00,156.20,3.3950e-04
128.260,2.1710e+00,155.60,3.8760e-04
125.210,2.4660e+00,153.30,4.4700e-04
122.230,2.7990e+00,150.30,5.1730e-04
119.330,3.1700e+00,149.80,5.8800e-04
116.510,3.5780e+00,150.10,6.6230e-04
113.780,4.0230e+00,150.20,7.4420e-04
111.150,4.5000e+00,152.20,8.2150e-04
108.620,5.0070e+00,153.20,9.0800e-04
106.190,5.5470e+00,152.50,1.0110e-03
103.860,6.1200e+00,153.70,1.1070e-03
101.640,6.7110e+00,156.20,1.1940e-03
99.519,7.3190e+00,158.50,1.2830e-03
97.501,7.9430e+00,159.60,1.3830e-03
95.583,8.5800e+00,160.60,1.4840e-03
93.762,9.2320e+00,160.10,1.6020e-03
92.035,9.8980e+00,159.70,1.7220e-03
90.399,1.0580e+01,158.40,1.8550e-03
88.849,1.1270e+01,157.80,1.9840e-03
87.383,1.1970e+01,156.50,2.1250e-03
85.996,1.2670e+01,154.60,2.2770e-03
84.685,1.3390e+01,153.40,2.4250e-03
83.444,1.4110e+01,151.50,2.5880e-03
82.271,1.4840e+01,148.40,2.7790e-03
81.162,1.5580e+01,147.30,2.9370e-03
80.112,1.6320e+01,144.00,3.1480e-03
79.118,1.7070e+01,142.10,3.3370e-03
78.177,1.7820e+01,140.00,3.5370e-03
77.285,1.8570e+01,139.30,3.7030e-03
76.439,1.9320e+01,136.20,3.9420e-03
75.635,2.0080e+01,133.30,4.1850e-03
74.871,2.0840e+01,132.20,4.3800e-03
74.145,2.1580e+01,133.30,4.4980e-03
73.452,2.2320e+01,132.50,4.6810e-03
72.791,2.3050e+01,132.90,4.8200e-03
72.158,2.3770e+01,132.20,4.9960e-03
71.551,2.4490e+01,133.10,5.1100e-03
70.968,2.5180e+01,134.50,5.2030e-03
70.407,2.5870e+01,133.80,5.3740e-03
69.866,2.6550e+01,134.80,5.4750e-03
69.344,2.7230e+01,134.00,5.6440e-03
68.838,2.7910e+01,131.70,5.8890e-03
68.349,2.8580e+01,131.50,6.0410e-03
67.874,2.9260e+01,130.10,6.2510e-03
67.413,2.9940e+01,128.80,6.4570e-03
66.965,3.0620e+01,128.60,6.6160e-03
66.530,3.1300e+01,126.40,6.8790e-03
66.105,3.1990e+01,125.70,7.0690e-03
65.691,3.2680e+01,125.90,7.2150e-03
65.286,3.3360e+01,126.60,7.3200e-03
64.891,3.4040e+01,126.00,7.5090e-03
64.504,3.4720e+01,126.40,7.6340e-03
64.124,3.5400e+01,126.60,7.7720e-03
63.751,3.6080e+01,127.50,7.8600e-03
63.385,3.6750e+01,129.00,7.9140e-03
63.025,3.7420e+01,127.90,8.1310e-03
62.671,3.8100e+01,127.80,8.2860e-03
62.321,3.8780e+01,126.20,8.5380e-03
61.977,3.9470e+01,126.30,8.6860e-03
61.637,4.0160e+01,125.10,8.9230e-03
61.302,4.0870e+01,124.90,9.0890e-03
60.971,4.1570e+01,124.30,9.2950e-03
60.644,4.2290e+01,123.80,9.4900e-03
60.321,4.3010e+01,122.60,9.7440e-03
60.001,4.3740e+01,122.60,9.9150e-03
59.685,4.4470e+01,121.80,1.0150e-02
59.372,4.5220e+01,120.20,1.0460e-02
59.062,4.5990e+01,119.30,1.0710e-02
58.755,4.6760e+01,118.50,1.0970e-02
58.450,4.7540e+01,118.50,1.1150e-02
58.149,4.8330e+01,117.60,1.1420e-02
57.849,4.9140e+01,115.70,1.1800e-02
57.552,4.9960e+01,115.10,1.2060e-02
57.258,5.0800e+01,114.70,1.2300e-02
56.965,5.1640e+01,114.60,1.2520e-02
56.674,5.2500e+01,113.40,1.2870e-02
56.385,5.3380e+01,110.80,1.3390e-02
56.098,5.4280e+01,111.10,1.3580e-02
55.812,5.5190e+01,110.30,1.3910e-02
55.528,5.6120e+01,111.40,1.4000e-02
55.245,5.7050e+01,111.40,1.4230e-02
54.962,5.7980e+01,113.50,1.4190e-02
54.681,5.8920e+01,112.50,1.4560e-02
54.400,5.9880e+01,110.40,1.5070e-02
54.120,6.0880e+01,108.80,1.5550e-02
53.840,6.1870e+01,113.90,1.5100e-02
53.560,6.2860e+01,114.10,1.5310e-02
53.280,6.3860e+01,113.70,1.5610e-02
53.001,6.4880e+01,115.20,1.5650e-02
52.720,6.5910e+01,113.90,1.6080e-02
52.440,6.6970e+01,113.80,1.6350e-02
52.159,6.8040e+01,114.10,1.6560e-02
51.878,6.9140e+01,111.90,1.7170e-02
51.596,7.0270e+01,113.80,1.7150e-02
51.313,7.1420e+01,111.20,1.7850e-02
51.030,7.2590e+01,113.30,1.7800e-02
50.745,7.3770e+01,114.00,1.7980e-02
50.460,7.4970e+01,114.50,1.8200e-02
50.174,7.6200e+01,113.00,1.8740e-02
49.887,7.7450e+01,114.40,1.8810e-02
49.599,7.8720e+01,113.80,1.9220e-02
49.310,8.0020e+01,114.30,1.9450e-02
49.020,8.1340e+01,114.60,1.9720e-02
48.729,8.2700e+01,112.60,2.0420e-02
48.437,8.4100e+01,112.80,2.0720e-02
48.143,8.5510e+01,115.40,2.0580e-02
47.848,8.6900e+01,119.10,2.0270e-02
47.551,8.8360e+01,112.90,2.1750e-02
47.251,8.9890e+01,113.30,2.2040e-02
46.949,9.1420e+01,117.00,2.1710e-02
46.645,9.3010e+01,111.30,2.3220e-02
46.338,9.4650e+01,115.30,2.2810e-02
46.029,9.6310e+01,115.00,2.3280e-02
45.718,9.8040e+01,111.00,2.4540e-02
45.404,9.9830e+01,112.60,2.4640e-02
45.088,1.0160e+02,113.60,2.4860e-02
44.771,1.0350e+02,119.00,2.4160e-02
44.451,1.0530e+02,113.90,2.5690e-02
44.130,1.0730e+02,111.90,2.6630e-02
43.806,1.0930e+02,112.60,2.6970e-02
43.482,1.1130e+02,111.80,2.7670e-02
43.156,1.1350e+02,110.50,2.8530e-02
42.829,1.1560e+02,113.40,2.8320e-02
42.500,1.1780e+02,114.50,2.8590e-02
42.171,1.2000e+02,114.80,2.9040e-02
41.840,1.2230e+02,114.60,2.9640e-02
41.509,1.2460e+02,114.70,3.0190e-02
41.176,1.2700e+02,111.60,3.1600e-02
40.843,1.2940e+02,112.20,3.2060e-02
40.509,1.3190e+02,112.00,3.2720e-02
40.175,1.3450e+02,113.00,3.3080e-02
39.841,1.3710e+02,113.40,3.3590e-02
39.506,1.3970e+02,114.10,3.4010e-02
39.172,1.4240e+02,114.60,3.4520e-02
38.836,1.4520e+02,108.70,3.7120e-02
38.502,1.4800e+02,116.10,3.5400e-02
38.167,1.5080e+02,110.70,3.7870e-02
37.832,1.5370e+02,117.00,3.6530e-02
37.498,1.5670e+02,111.30,3.9120e-02
37.164,1.5980e+02,108.10,4.1080e-02
36.830,1.6300e+02,111.50,4.0620e-02
36.498,1.6620e+02,109.50,4.2150e-02
36.166,1.6940e+02,109.70,4.2920e-02
35.835,1.7280e+02,109.60,4.3800e-02
35.505,1.7620e+02,108.70,4.5060e-02
35.176,1.7970e+02,107.10,4.6630e-02
34.849,1.8320e+02,110.60,4.6020e-02
34.522,1.8680e+02,107.90,4.8100e-02
34.197,1.9040e+02,112.70,4.6940e-02
33.873,1.9400e+02,111.90,4.8160e-02
33.550,1.9770e+02,109.00,5.0380e-02
33.228,2.0140e+02,111.70,5.0120e-02
32.907,2.0520e+02,110.30,5.1700e-02
32.588,2.0900e+02,113.50,5.1180e-02
32.270,2.1290e+02,109.20,5.4180e-02
31.954,2.1690e+02,113.70,5.3000e-02
31.639,2.2080e+02,115.80,5.2980e-02
31.325,2.2480e+02,109.30,5.7130e-02
31.012,2.2890e+02,114.30,5.5650e-02
30.701,2.3300e+02,112.50,5.7530e-02
30.391,2.3720e+02,109.90,5.9990e-02
30.084,2.4150e+02,110.40,6.0790e-02
29.777,2.4590e+02,110.30,6.1920e-02
29.473,2.5030e+02,109.50,6.3500e-02
29.171,2.5470e+02,114.10,6.2060e-02
28.870,2.5920e+02,111.80,6.4440e-02
28.570,2.6380e+02,109.00,6.7250e-02
28.273,2.6840e+02,112.50,6.6300e-02
27.977,2.7290e+02,113.80,6.6660e-02
27.683,2.7760e+02,112.70,6.8410e-02
27.391,2.8220e+02,113.20,6.9280e-02
27.100,2.8690e+02,116.70,6.8290e-02
26.811,2.9150e+02,117.20,6.9120e-02
26.523,2.9620e+02,116.30,7.0780e-02
26.236,3.0090e+02,117.80,7.0950e-02
25.951,3.0560e+02,120.40,7.0550e-02
25.667,3.1030e+02,120.20,7.1750e-02
25.385,3.1510e+02,119.70,7.3120e-02
25.104,3.1990e+02,119.90,7.4110e-02
24.824,3.2470e+02,120.20,7.5060e-02
24.545,3.2960e+02,120.30,7.6120e-02
24.268,3.3460e+02,120.60,7.7100e-02
23.992,3.3960e+02,121.30,7.7810e-02
23.718,3.4450e+02,121.90,7.8510e-02
23.445,3.4950e+02,122.70,7.9190e-02
17.2910,0.46809,130,0.10004
16.8100,0.47937,131,0.10167
16.3290,0.49084,132,0.10331
15.8490,0.50247,133,0.10496
15.3690,0.51429,134,0.00000
14.8900,0.52629,135,0.10831
14.4100,0.53846,136,0.11000
13.9310,0.55082,137,0.11170
13.4520,0.56337,138,0.11342
12.9730,0.57611,139,0.11514
12.4950,0.58903,140,0.11689
12.0160,0.60215,141,0.11864
11.5380,0.61546,142,0.12041
11.0600,0.62896,143,0.12219
10.5810,0.64266,144,0.12398
10.1040,0.65655,145,0.12579
9.6250,0.67066,146,0.12761
9.1470,0.68496,147,0.12944
8.6690,0.69947,148,0.13129
8.1910,0.71419,149,0.13315
7.7130,0.72911,150,0.13503
7.2350,0.74425,151,0.13692
6.7570,0.75960,152,0.13882
6.2780,0.77517,153,0.14074
5.8000,0.79096,154,0.14267
5.3210,0.80696,155,0.14462
4.8430,0.82319,156,0.14658
4.3640,0.83964,157,0.14856
3.8850,0.85632,158,0.15055
3.4060,0.87323,159,0.15255
2.9260,0.89037,160,0.15457
2.4470,0.90773,161,0.15661
1.9680,0.92534,162,0.15866
1.4880,0.94318,163,0.16072
1.1980,0.96126,164,0.16280
0.5280,0.97958,165,0.16490
0.0480,0.99814,166,0.16701
0.0000,1.00000,166,0.17105
-0.4340,1.01700,167,0.16915
-0.9130,1.03600,168,0.17128
-1.3940,1.05530,169,0.17343
-1.8760,1.07490,170,0.17562
-2.3570,1.09470,171,0.17780
-2.8390,1.11480,172,0.18001
-3.3200,1.13510,173,0.18223
-3.8030,1.15570,174,0.18447
-4.2860,1.17660,175,0.18673
-4.7680,1.19770,176,0.18900
-5.2510,1.21910,177,0.19128
-5.7350,1.24080,178,0.19359
-6.2180,1.26270,179,0.19591
-6.7030,1.28500,180,0.19826
-7.1880,1.30750,181,0.20061
-7.6700,1.33020,182,0.20297
-8.1560,1.35330,183,0.20537
-8.6420,1.37670,184,0.20778
-9.1260,1.40030,185,0.21020
-9.6120,1.42420,186,0.21263
-10.0990,1.44850,187,0.21510
-10.5850,1.47300,188,0.21757
-11.0710,1.49780,189,0.22006
-11.5580,1.52290,190,0.22257
-12.0450,1.54830,191,0.22509
-12.5340,1.57410,192,0.22765
-13.0210,1.60010,193,0.23021
-13.5100,1.62650,194,0.23280
-13.9970,1.65310,195,0.23539
-14.4870,1.68010,196,0.23801
-14.9760,1.70740,197,0.24065
-15.4650,1.73500,198,0.24330
-15.9540,1.76290,199,0.24597
-16.4450,1.79120,200,0.24866
-16.9360,1.81980,201,0.25137
-17.4260,1.84870,202,0.25410
-17.9180,1.87800,203,0.25685
-18.4080,1.90750,204,0.25960
-18.9010,1.93750,205,0.26239
-19.3920,1.96770,206,0.26519
-19.8840,1.99830,207,0.26801
-20.3770,2.02930,208,0.27085
-20.8700,2.06060,209,0.27371
-21.3640,2.09230,210,0.27659
-21.8570,2.12430,211,0.27949
-22.3520,2.15670,212,0.28241
-22.8460,2.18940,213,0.28534
-23.3400,2.22250,214,0.28830
-23.8340,2.25590,215,0.29127
-24.3290,2.28970,216,0.29426
-24.8250,2.32390,217,0.29727
-25.3210,2.35850,218,0.30031
-25.8170,2.39340,219,0.30336
-26.3130,2.42870,220,0.30643
-26.8100,2.46440,221,0.30952
-27.3070,2.50050,222,0.31263
-27.8030,2.53690,223,0.31576
-28.3000,2.57370,224,0.31890
-28.7990,2.61100,225,0.32208
-29.2970,2.64860,226,0.32527
-29.7950,2.68660,227,0.32848
-30.2930,2.72500,228,0.33171
-30.7930,2.76390,229,0.33497
-31.2920,2.80310,230,0.33824
-31.7910,2.84270,231,0.34153
-32.2920,2.88280,232,0.34484
-32.7910,2.92320,233,0.34817
-33.2920,2.96410,234,0.35153
-33.7920,3.00530,235,0.35489
-34.2920,3.04700,236,0.35829
-34.7930,3.08910,237,0.36170
-35.2950,3.13170,238,0.36514
-35.7960,3.17460,239,0.36859
-36.2980,3.21800,240,0.37206
-36.8010,3.26190,241,0.37557
-37.3020,3.30610,242,0.37908
-37.8050,3.35080,243,0.38262
-38.3070,3.39590,244,0.38617
-38.8100,3.44150,245,0.38975
-39.3130,3.48750,246,0.39335
-39.8170,3.53400,247,0.39697
-40.3210,3.58090,248,0.40061
-40.8250,3.62830,249,0.40428
-41.3290,3.67610,250,0.40796
-41.8330,3.72440,251,0.41167
-42.3370,3.77310,252,0.41539
-42.8430,3.82240,253,0.41915
-43.3470,3.87200,254,0.42291
-43.8530,3.92220,255,0.42670
-44.3580,3.97280,256,0.43051
-44.8630,4.02390,257,0.43435
-45.3690,4.07540,258,0.43819
-45.8750,4.12750,259,0.44207
-46.3810,4.18000,260,0.44597
-46.8870,4.23300,261,0.44988
-47.3940,4.28650,262,0.45382
-47.9000,4.34050,263,0.45779
-48.4080,4.39500,264,0.46177
-48.9140,4.44990,265,0.46577
-49.4210,4.50540,266,0.46980
-49.9290,4.56140,267,0.47385
-50.4370,4.61790,268,0.47792
-50.9450,4.67490,269,0.48201
-51.4530,4.73240,270,0.48612
-51.9610,4.79040,271,0.49026
-52.4690,4.84890,272,0.49441
-52.9780,4.90800,273,0.49860
-53.4860,4.96750,274,0.50279
-53.9950,5.02760,275,0.50702
-54.5040,5.08820,276,0.51126
-55.0130,5.14940,277,0.51553
-55.5220,5.21100,278,0.51981
-56.0310,5.27320,279,0.52413
-56.5410,5.33600,280,0.52846
-57.0510,5.39930,281,0.53282
-57.5610,5.46310,282,0.53720
-58.0710,5.52750,283,0.54160
-58.5810,5.59240,284,0.54602
-59.0000,5.65780,285,0.55046
-59.6010,5.72380,286,0.55493
-60.1120,5.79040,287,0.55942
-60.6220,5.85750,288,0.56393
-61.1330,5.92520,289,0.56846
-61.6430,5.99340,290,0.57302
-62.1540,6.06220,291,0.57759
-62.6660,6.13160,292,0.58220
-63.1770,6.20160,293,0.58682
-63.6880,6.27210,294,0.59147
-64.2000,6.34320,295,0.59614
-64.7110,6.41490,296,0.60083
-65.2220,6.48710,297,0.60554
-65.7340,6.56000,298,0.61028
-66.2460,6.63340,299,0.61504
-66.7580,6.70740,300,0.61981
-67.2700,6.78200,301,0.62462
-67.7820,6.85730,302,0.62945
-68.2950,6.93310,303,0.63430
-68.8070,7.00950,304,0.63917
-69.3190,7.08650,305,0.64407
-69.8310,7.16410,306,0.64899
-70.3440,7.24230,307,0.65392
-70.8570,7.32120,308,0.65889
-71.3690,7.40060,309,0.66388
-71.8820,7.48070,310,0.66889
-72.3950,7.56140,311,0.67392
-72.9080,7.64270,312,0.67898
-73.4200,7.72460,313,0.68405
-73.9340,7.80720,314,0.68916
-74.4470,7.89040,315,0.69428
-74.9600,7.97420,316,0.69943
-75.4730,8.05870,317,0.70460
-75.9870,8.14380,318,0.70980
-76.5000,8.22960,319,0.71502
-77.0140,8.31600,320,0.72026
-77.5270,8.40300,321,0.72553
-78.0410,8.49070,322,0.73081
-78.5540,8.57900,323,0.73612
-79.0680,8.66800,324,0.74146
-79.5820,8.75770,325,0.74682
-80.0950,8.84800,326,0.75220
-80.6090,8.93900,327,0.75760
-81.1230,9.03060,328,0.76303
-81.6370,9.12300,329,0.76849
-82.1510,9.21600,330,0.77396
-82.6660,9.30970,331,0.77947
-83.1790,9.40400,332,0.78498
-83.6930,9.49900,333,0.79053
-84.2070,9.59470,334,0.79610
-84.7220,9.69110,335,0.80169
-85.2360,9.78820,336,0.80731
-85.7500,9.88600,337,0.81295
-86.2650,9.98450,338,0.81862
-86.7810,10.08400,339,0.82434
-87.2960,10.18400,340,0.83006
-87.8070,10.28400,341,0.83575
-88.3200,10.38500,342,0.84149
-88.8350,10.48700,343,0.84728
-89.3510,10.59000,344,0.85311
-89.8680,10.69400,345,0.85899
-90.3820,10.79800,346,0.86483
-90.8970,10.90300,347,0.87073
-91.4090,11.00800,348,0.87659
-91.9220,11.11400,349,0.88249
-92.4360,11.22100,350,0.88844
-92.9520,11.32900,351,0.89444
-93.4690,11.43800,352,0.90048
-93.9830,11.54700,353,0.90649
-94.4970,11.65700,354,0.91254
-95.0130,11.76800,355,0.91864
-95.5260,11.87900,356,0.92470
-96.0400,11.99100,357,0.93081
-96.5550,12.10400,358,0.93696
-97.0710,12.21800,359,0.94315
-97.5830,12.33200,360,0.94931
-98.1010,12.44800,361,0.95560
-98.6160,12.56400,362,0.96184
-99.1280,12.68000,363,0.96805
-99.6440,12.79800,364,0.97439
-100.1600,12.91600,365,0.98068
-100.6700,13.03500,366,0.98702
-101.1900,13.15500,367,0.99340
-101.7000,13.27600,368,0.99983
-102.2200,13.39700,369,1.00620
-102.7300,13.51900,370,1.01260
-103.2500,13.64200,371,1.01910
-103.7600,13.76600,372,1.02560
-104.2800,13.89100,373,1.03220
-104.7900,14.01600,374,1.03870
-105.3100,14.14200,375,1.04520
-105.8200,14.26900,376,1.05180
-106.3300,14.39700,377,1.05850
-106.8500,14.52600,378,1.06520
-107.3600,14.65500,379,1.07180
-107.8800,14.78500,380,1.07850
-108.3900,14.91600,381,1.08520
-108.9100,15.04800,382,1.09190
-109.4200,15.18100,383,1.09870
-109.9400,15.31400,384,1.10550
-110.4500,15.44800,385,1.11230
-110.9600,15.58300,386,1.11910
-111.4800,15.72000,387,1.12610
-111.9900,15.85600,388,1.13290
-112.5100,15.99400,389,1.13990
-113.0300,16.13300,390,1.14680
-113.5400,16.27200,391,1.15380
-114.0500,16.41200,392,1.16080
-114.5700,16.55300,393,1.16780
-115.0800,16.69500,394,1.17490
-115.6000,16.83800,395,1.18190
-116.1100,16.98200,396,1.18910
-116.6200,17.12600,397,1.19620
-117.1400,17.27100,398,1.20330
-117.6500,17.41800,399,1.21050
-118.1700,17.56500,400,1.21770
-118.6800,17.71300,401,1.22500
-119.2000,17.86200,402,1.23220
-119.7100,18.01100,403,1.23950
-120.2200,18.16200,404,1.24680
-120.7400,18.31300,405,1.25410
-121.2500,18.46600,406,1.26150
-121.7600,18.61900,407,1.26890
-122.2800,18.77300,408,1.27630
-122.7900,18.92800,409,1.28370
-123.3000,19.08400,410,1.29120
-123.8200,19.24100,411,1.29870
-124.3300,19.39900,412,1.30620
-124.8500,19.55800,413,1.31380
-125.3600,19.71700,414,1.32130
-125.8700,19.87800,415,1.32890
-126.3900,20.04000,416,1.33660
-126.9000,20.20200,417,1.34420
-127.4100,20.36500,418,1.35190
-127.9300,20.53000,419,1.35960
-128.4400,20.69500,420,1.36730
-128.9500,20.86100,421,1.37510
-129.4700,21.02800,422,1.38290
-129.9800,21.19600,423,1.39070
-130.4900,21.36500,424,1.39850
-131.0100,21.53500,425,1.40640
-131.5200,21.70600,426,1.41430
-132.0300,21.87700,427,1.42220